Company,Weight,Ticker,Headquarters,GICS Sector,GICS Sub-Industry
"Apple, Inc.",3.252,AAPL,"Cupertino, California",Information Technology,"Technology Hardware, Storage & Peripherals"
Microsoft Corp.,2.397,MSFT,"Redmond, Washington",Information Technology,Systems Software
Exxon Mobil Corp.,1.924,XOM,"Irving, Texas",Energy,Integrated Oil & Gas
"Amazon.com, Inc.",1.761,AMZN,"Seattle, Washington",Consumer Discretionary,Broadline Retail
Johnson & Johnson,1.728,JNJ,"New Brunswick, New Jersey",Health Care,Pharmaceuticals
"Facebook, Inc. Class A",1.592,META,"Menlo Park, California",Communication Services,Interactive Media & Services
"Berkshire Hathaway, Inc.Class B",1.466,BRK.B,"Omaha, Nebraska",Financials,Multi-Sector Holdings
General Electric Co.,1.417,GE,"Evendale, Ohio",Industrials,Aerospace & Defense
"AT&T, Inc.",1.329,T,"Dallas, Texas",Communication Services,Integrated Telecommunication Services
JPMorgan Chase & Co.,1.285,JPM,"New York City, New York",Financials,Diversified Banks
Procter & Gamble Co.,1.28,PG,"Cincinnati, Ohio",Consumer Staples,Personal Care Products
"Alphabet, Inc. Class A",1.267,GOOGL,"Mountain View, California",Communication Services,Interactive Media & Services
"Alphabet, Inc. Class C",1.221,GOOGL,"Mountain View, California",Communication Services,Interactive Media & Services
"Verizon Communications, Inc.",1.127,VZ,"New York City, New York",Communication Services,Integrated Telecommunication Services
"Pfizer, Inc.",1.092,PFE,"New York City, New York",Health Care,Pharmaceuticals
Wells Fargo & Co.,1.074,WFC,"San Francisco, California",Financials,Diversified Banks
Chevron Corp.,1.031,CVX,"Houston, Texas",Energy,Integrated Oil & Gas
Intel Corp.,0.948,INTC,"Santa Clara, California",Information Technology,Semiconductors
"Merck & Co., Inc.",0.919,MRK,"Kenilworth, New Jersey",Health Care,Pharmaceuticals
Coca-Cola Co.,0.876,KO,"Atlanta, Georgia",Consumer Staples,Soft Drinks & Non-alcoholic Beverages
Bank of America Corp.,0.856,BAC,"Charlotte, North Carolina",Financials,Diversified Banks
Comcast Corp. Class A,0.853,CMCSA,"Philadelphia, Pennsylvania",Communication Services,Cable & Satellite
"Home Depot, Inc.",0.851,HD,"Atlanta, Georgia",Consumer Discretionary,Home Improvement Retail
"Cisco Systems, Inc.",0.848,CSCO,"San Jose, California",Information Technology,Communications Equipment
"Visa, Inc. Class A",0.837,V,"San Francisco, California",Financials,Transaction & Payment Processing Services
"PepsiCo, Inc.",0.835,PEP,"Purchase, New York",Consumer Staples,Soft Drinks & Non-alcoholic Beverages
"Philip Morris International, Inc.",0.802,PM,"New York City, New York",Consumer Staples,Tobacco
Walt Disney Co.,0.738,DIS,"Burbank, California",Communication Services,Movies & Entertainment
International Business Machines Corp.,0.738,IBM,"Armonk, New York",Information Technology,IT Consulting & Other Services
"Citigroup, Inc.",0.738,C,"New York City, New York",Financials,Diversified Banks
"UnitedHealth Group, Inc.",0.708,UNH,"Eden Prairie, Minnesota",Health Care,Managed Health Care
"Amgen, Inc.",0.666,AMGN,"Thousand Oaks, California",Health Care,Biotechnology
"Altria Group, Inc.",0.658,MO,"Richmond, Virginia",Consumer Staples,Tobacco
Medtronic PLC,0.637,MDT,"Dublin, Ireland",Health Care,Health Care Equipment
Oracle Corp.,0.632,ORCL,"Austin, Texas",Information Technology,Application Software
"Wal-Mart Stores, Inc.",0.585,WMT,"Bentonville, Arkansas",Consumer Staples,Consumer Staples Merchandise Retail
"Schlumberger, Ltd.",0.581,SLB,"Houston, Texas",Energy,Oil & Gas Equipment & Services
3M Co.,0.568,MMM,"Saint Paul, Minnesota",Industrials,Industrial Conglomerates
"Gilead Sciences, Inc.",0.56,GILD,"Foster City, California",Health Care,Biotechnology
"AbbVie, Inc.",0.543,ABBV,"North Chicago, Illinois",Health Care,Biotechnology
"QUALCOMM, Inc.",0.535,QCOM,"San Diego, California",Information Technology,Semiconductors
McDonald’s Corp.,0.526,MCD,"Chicago, Illinois",Consumer Discretionary,Restaurants
"MasterCard, Inc. Class A",0.522,MA,"Harrison, New York",Financials,Transaction & Payment Processing Services
CVS Health Corp.,0.508,CVS,"Woonsocket, Rhode Island",Health Care,Health Care Services
Allergan PLC,0.485,AGN,"Dublin, Ireland",Health Care,Pharmaceuticals
Bristol-Myers Squibb Co.,0.479,BMY,"New York City, New York",Health Care,Pharmaceuticals
"Honeywell International, Inc.",0.472,HON,"Charlotte, North Carolina",Industrials,Industrial Conglomerates
Union Pacific Corp.,0.437,UNP,"Omaha, Nebraska",Industrials,Rail Transportation
Celgene Corp.,0.431,CELG,"Summit, NJ",Health Care,Biotechnology
Starbucks Corp.,0.422,SBUX,"Seattle, Washington",Consumer Discretionary,Restaurants
United Technologies Corp.,0.42,UTX,"Farmington, CT",Industrials,Aerospace & Defense
Eli Lilly & Co.,0.415,LLY,"Indianapolis, Indiana",Health Care,Pharmaceuticals
Boeing Co.,0.409,BA,"Arlington, Virginia",Industrials,Aerospace & Defense
Accenture PLC Class A,0.406,ACN,"Dublin, Ireland",Information Technology,IT Consulting & Other Services
"United Parcel Service, Inc.Class B",0.401,UPS,"Sandy Springs, Georgia",Industrials,Air Freight & Logistics
"Priceline Group, Inc.",0.389,BKNG,"Norwalk, Connecticut",Consumer Discretionary,"Hotels, Resorts & Cruise Lines"
"Texas Instruments, Inc.",0.375,TXN,"Dallas, Texas",Information Technology,Semiconductors
"NIKE, Inc. Class B",0.373,NKE,"Washington County, Oregon",Consumer Discretionary,"Apparel, Accessories & Luxury Goods"
US Bancorp,0.371,USB,"Minneapolis, Minnesota",Financials,Diversified Banks
"Walgreens Boots Alliance, Inc.",0.37,WBA,"Deerfield, IL",Consumer Staples,Drug Retail
"Broadcom, Ltd.",0.366,AVGO,"Palo Alto, California",Information Technology,Semiconductors
"Biogen, Inc.",0.365,BIIB,"Cambridge, Massachusetts",Health Care,Biotechnology
"Mondelez International, Inc.Class A",0.362,MDLZ,"Chicago, Illinois",Consumer Staples,Packaged Foods & Meats
Costco Wholesale Corp.,0.355,COST,"Issaquah, Washington",Consumer Staples,Consumer Staples Merchandise Retail
Colgate-Palmolive Co.,0.352,CL,"New York City, New York",Consumer Staples,Household Products
"Simon Property Group, Inc. REIT",0.341,SPG,"Indianapolis, Indiana",Real Estate,Retail REITs
"Lowe’s Cos., Inc.",0.34,LOW,"Mooresville, North Carolina",Consumer Discretionary,Home Improvement Retail
"Thermo Fisher Scientific, Inc.",0.334,TMO,"Waltham, Massachusetts",Health Care,Life Sciences Tools & Services
"Time Warner, Inc.",0.333,TWX,"New York, NY",Communication Services,Movies & Entertainment
Abbott Laboratories,0.33,ABT,"North Chicago, Illinois",Health Care,Health Care Equipment
"Goldman Sachs Group, Inc.",0.325,GS,"New York City, New York",Financials,Investment Banking & Brokerage
Lockheed Martin Corp.,0.324,LMT,"Bethesda, Maryland",Industrials,Aerospace & Defense
"American International Group, Inc.",0.322,AIG,"New York City, New York",Financials,Multi-line Insurance
"Charter Communications, Inc.Class A",0.312,CHTR,"Stamford, Connecticut",Communication Services,Cable & Satellite
E.I. du Pont de Nemours & Co.,0.311,DD,"Wilmington, Delaware",Materials,Specialty Chemicals
"Chubb, Ltd.",0.31,CB,"Zurich, Switzerland",Financials,Property & Casualty Insurance
Dow Chemical Co.,0.309,DOW,"Midland, Michigan",Materials,Commodity Chemicals
"NextEra Energy, Inc.",0.3,NEE,"Juno Beach, Florida",Utilities,Multi-Utilities
Occidental Petroleum Corp.,0.296,OXY,"Houston, Texas",Energy,Oil & Gas Exploration & Production
Duke Energy Corp.,0.293,DUK,"Charlotte, North Carolina",Utilities,Electric Utilities
"Adobe Systems, Inc.",0.289,ADBE,"San Jose, California",Information Technology,Application Software
ConocoPhillips,0.286,COP,"Houston, Texas",Energy,Oil & Gas Exploration & Production
Kraft Heinz Co.,0.284,KHC,"Chicago, Illinois; Pittsburgh, Pennsylvania",Consumer Staples,Packaged Foods & Meats
"EOG Resources, Inc.",0.283,EOG,"Houston, Texas",Energy,Oil & Gas Exploration & Production
"Caterpillar, Inc.",0.276,CAT,"Irving, Texas",Industrials,Construction Machinery & Heavy Transportation Equipment
Southern Co.,0.269,SO,"Atlanta, Georgia",Utilities,Electric Utilities
American Express Co.,0.266,AXP,"New York City, New York",Financials,Consumer Finance
"TJX Cos., Inc.",0.263,TJX,"Framingham, Massachusetts",Consumer Discretionary,Apparel Retail
"MetLife, Inc.",0.26,MET,"New York City, New York",Financials,Life & Health Insurance
Morgan Stanley,0.258,MS,"New York City, New York",Financials,Investment Banking & Brokerage
American Tower Corp. REIT,0.256,AMT,"Boston, Massachusetts",Real Estate,Telecom Tower REITs
Ford Motor Co.,0.25,F,"Dearborn, Michigan",Consumer Discretionary,Automobile Manufacturers
Danaher Corp.,0.25,DHR,"Washington, D.C.",Health Care,Life Sciences Tools & Services
"Dominion Resources, Inc.",0.244,D,"Richmond, Virginia",Utilities,Multi-Utilities
"salesforce.com, Inc.",0.242,CRM,"San Francisco, California",Information Technology,Application Software
"PayPal Holdings, Inc.",0.242,PYPL,"San Jose, California",Financials,Transaction & Payment Processing Services
Kimberly-Clark Corp.,0.241,KMB,"Irving, Texas",Consumer Staples,Household Products
"PNC Financial Services Group, Inc.",0.239,PNC,"Pittsburgh, Pennsylvania",Financials,Diversified Banks
Monsanto Co.,0.238,MON,"St. Louis, MO",Materials,Fertilizers & Agricultural Chemicals
"Kinder Morgan, Inc.",0.238,KMI,"Houston, Texas",Energy,Oil & Gas Storage & Transportation
Express Scripts Holding Co.,0.237,ESRX,"St. Louis, MO",Health Care,Health Care Services
General Dynamics Corp.,0.237,GD,"Reston, Virginia",Industrials,Aerospace & Defense
General Motors Co.,0.237,GM,"Detroit, Michigan",Consumer Discretionary,Automobile Manufacturers
"BlackRock, Inc.",0.236,BLK,"New York City, New York",Financials,Asset Management & Custody Banks
Johnson Controls International PLC,0.234,JCI,"Cork, Ireland",Industrials,Building Products
FedEx Corp.,0.232,FDX,"Memphis, Tennessee",Industrials,Air Freight & Logistics
Bank of New York Mellon Corp.,0.228,BK,"New York City, New York",Financials,Asset Management & Custody Banks
"Netflix, Inc.",0.224,NFLX,"Los Gatos, California",Communication Services,Movies & Entertainment
Raytheon Co.,0.216,RTN,"Waltham, MA",Industrials,Aerospace & Defense
"Aetna, Inc.",0.215,AET,"Hartford, CT",Health Care,Managed Health Care
Target Corp.,0.215,TGT,"Minneapolis, Minnesota",Consumer Staples,Consumer Staples Merchandise Retail
"Automatic Data Processing, Inc.",0.214,ADP,"Roseland, New Jersey",Industrials,Human Resource & Employment Services
"Reynolds American, Inc.",0.208,RAI,"Winston-Salem, NC",Consumer Staples,Tobacco
"Illinois Tool Works, Inc.",0.206,ITW,"Glenview, Illinois",Industrials,Industrial Machinery & Supplies & Components
Halliburton Co.,0.205,HAL,"Houston, Texas",Energy,Oil & Gas Equipment & Services
Northrop Grumman Corp.,0.205,NOC,"West Falls Church, Virginia[3]",Industrials,Aerospace & Defense
Becton Dickinson and Co.,0.203,BDX,"Franklin Lakes, New Jersey",Health Care,Health Care Equipment
"General Mills, Inc.",0.202,GIS,"Golden Valley, Minnesota",Consumer Staples,Packaged Foods & Meats
Charles Schwab Corp.,0.202,SCHW,"Westlake, Texas",Financials,Investment Banking & Brokerage
Hewlett Packard Enterprise Co.,0.201,HPE,"Houston, Texas",Information Technology,"Technology Hardware, Storage & Peripherals"
"Yahoo!, Inc.",0.2,YHOO,"Sunnyvale, CA",Communication Services,Interactive Media & Services
McKesson Corp.,0.2,MCK,"Irving, Texas",Health Care,Health Care Distributors
NVIDIA Corp.,0.197,NVDA,"Santa Clara, California",Information Technology,Semiconductors
Capital One Financial Corp.,0.196,COF,"Tysons Corner, Virginia",Financials,Consumer Finance
Stryker Corp.,0.194,SYK,"Kalamazoo, Michigan",Health Care,Health Care Equipment
"Prudential Financial, Inc.",0.193,PRU,"Newark, New Jersey",Financials,Life & Health Insurance
Phillips 66,0.192,PSX,"Houston, Texas",Energy,Oil & Gas Refining & Marketing
"CME Group, Inc.",0.188,CME,"Chicago, Illinois",Financials,Financial Exchanges & Data
Emerson Electric Co.,0.186,EMR,"Ferguson, Missouri",Industrials,Electrical Components & Equipment
"Marsh & McLennan Cos., Inc.",0.186,MMC,"New York, NY",Financial Services,Insurance Brokers
"eBay, Inc.",0.185,EBAY,"San Jose, California",Consumer Discretionary,Broadline Retail
Anadarko Petroleum Corp.,0.184,APC,"The Woodlands, TX",Energy,Oil & Gas Exploration & Production
"Praxair, Inc.",0.183,PX,"Dallas, TX",Financial Services,Asset Management
"Yum! Brands, Inc.",0.18,YUM,"Louisville, Kentucky",Consumer Discretionary,Restaurants
"Travelers Cos., Inc.",0.179,TRV,"New York City, New York",Financials,Property & Casualty Insurance
"S&P Global, Inc.",0.178,SPGI,"New York City, New York",Financials,Financial Exchanges & Data
Cigna Corp.,0.178,CI,"Bloomfield, Connecticut",Health Care,Health Care Services
"Anthem, Inc.",0.175,ANTM,"Indianapolis, IN",Health Care,Managed Health Care
"Air Products & Chemicals, Inc.",0.175,APD,"Upper Macungie Township, Pennsylvania",Materials,Industrial Gases
Public Storage REIT,0.175,PSA,"Glendale, California",Real Estate,Self-Storage REITs
"Applied Materials, Inc.",0.175,AMAT,"Santa Clara, California",Information Technology,Semiconductor Materials & Equipment
Boston Scientific Corp.,0.172,BSX,"Marlborough, Massachusetts",Health Care,Health Care Equipment
"Ecolab, Inc.",0.172,ECL,"Saint Paul, Minnesota",Materials,Specialty Chemicals
"Intercontinental Exchange, Inc.",0.171,ICE,"Atlanta, Georgia",Financials,Financial Exchanges & Data
Crown Castle International Corp. REIT,0.169,CCI,"Houston, Texas",Real Estate,Telecom Tower REITs
"American Electric Power Co., Inc.",0.168,AEP,"Columbus, Ohio",Utilities,Electric Utilities
"Regeneron Pharmaceuticals, Inc.",0.166,REGN,"Tarrytown, New York",Health Care,Biotechnology
BB&T Corp.,0.165,BBT,"Boston, MA",Financial Services,Banks - Regional
"Activision Blizzard, Inc.",0.163,ATVI,"Santa Monica, CA",Communication Services,Interactive Home Entertainment
Exelon Corp.,0.163,EXC,"Chicago, Illinois",Utilities,Electric Utilities
"Delta Air Lines, Inc.",0.162,DAL,"Atlanta, Georgia",Industrials,Passenger Airlines
Pioneer Natural Resources Co.,0.162,PXD,"Irving, TX",Energy,Oil & Gas Exploration & Production
PG&E Corp.,0.161,PCG,"Oakland, California",Utilities,Multi-Utilities
Eaton Corp. PLC,0.16,ETN,"Dublin, Ireland",Industrials,Electrical Components & Equipment
Aon PLC,0.158,AON,"London, United Kingdom",Financials,Insurance Brokers
"Aflac, Inc.",0.158,AFL,"Columbus, Georgia",Financials,Life & Health Insurance
"Constellation Brands, Inc.Class A",0.156,STZ,"Rochester, New York",Consumer Staples,Distillers & Vintners
Spectra Energy Corp.,0.156,SE,"Singapore, Singapore",Consumer Cyclical,Internet Retail
CSX Corp.,0.156,CSX,"Jacksonville, Florida",Industrials,Rail Transportation
Cognizant Technology Solutions Corp. Class A,0.154,CTSH,"Teaneck, New Jersey",Information Technology,IT Consulting & Other Services
Norfolk Southern Corp.,0.153,NSC,"Atlanta, Georgia",Industrials,Rail Transportation
Kroger Co.,0.15,KR,"Cincinnati, Ohio",Consumer Staples,Food Retail
"Prologis, Inc. REIT",0.15,PLD,"San Francisco, California",Real Estate,Industrial REITs
"Intuit, Inc.",0.15,INTU,"Mountain View, California",Information Technology,Application Software
"Intuitive Surgical, Inc.",0.147,ISRG,"Sunnyvale, California",Health Care,Health Care Equipment
LyondellBasell Industries NVClass A,0.147,LYB,"Rotterdam, Netherlands",Materials,Specialty Chemicals
"Alexion Pharmaceuticals, Inc.",0.146,ALXN,"Boston, MA",Health Care,Biotechnology
"PPG Industries, Inc.",0.146,PPG,"Pittsburgh, Pennsylvania",Materials,Specialty Chemicals
"O’Reilly Automotive, Inc.",0.144,ORLY,"Springfield, Missouri",Consumer Discretionary,Automotive Retail
Sempra Energy,0.144,SRE,"San Diego, California",Utilities,Multi-Utilities
"Illumina, Inc.",0.142,ILMN,"San Diego, CA",Healthcare,Diagnostics & Research
"Welltower, Inc. REIT",0.142,WELL,"Toledo, Ohio",Real Estate,Health Care REITs
"HP, Inc.",0.142,HPQ,"Palo Alto, California",Information Technology,"Technology Hardware, Storage & Peripherals"
"Twenty-First Century Fox, Inc. Class A",0.141,FOXA,"New York City, New York",Communication Services,Broadcasting
"Humana, Inc.",0.14,HUM,"Louisville, Kentucky",Health Care,Managed Health Care
"Waste Management, Inc.",0.14,WM,"Houston, Texas",Industrials,Environmental & Facilities Services
"Zoetis, Inc.",0.139,ZTS,"Parsippany, New Jersey",Health Care,Pharmaceuticals
Allstate Corp.,0.139,ALL,"Northbrook, Illinois",Financials,Property & Casualty Insurance
"Zimmer Biomet Holdings, Inc.",0.138,ZBH,"Warsaw, Indiana",Health Care,Health Care Equipment
"Ross Stores, Inc.",0.138,ROST,"Dublin, California",Consumer Discretionary,Apparel Retail
State Street Corp.(c),0.137,STT,"Boston, Massachusetts",Financials,Asset Management & Custody Banks
"Electronic Arts, Inc.",0.137,EA,"Redwood City, California",Communication Services,Interactive Home Entertainment
Edwards Lifesciences Corp.,0.137,EW,"Irvine, California",Health Care,Health Care Equipment
Sysco Corp.,0.136,SYY,"Houston, Texas",Consumer Staples,Food Distributors
"Fidelity National Information Services, Inc.",0.136,FIS,"Jacksonville, Florida",Financials,Transaction & Payment Processing Services
"Cardinal Health, Inc.",0.135,CAH,"Dublin, Ohio",Health Care,Health Care Distributors
Deere & Co.,0.135,DE,"Moline, Illinois",Industrials,Agricultural & Farm Machinery
"Newell Brands, Inc.",0.135,NWL,"Atlanta, GA",Consumer Defensive,Household & Personal Products
"Corning, Inc.",0.135,GLW,"Corning, New York",Information Technology,Electronic Components
"Equinix, Inc. REIT",0.133,EQIX,"Redwood City, California",Real Estate,Data Center REITs
Valero Energy Corp.,0.132,VLO,"San Antonio, Texas",Energy,Oil & Gas Refining & Marketing
Southwest Airlines Co.,0.132,LUV,"Dallas, Texas",Industrials,Passenger Airlines
Archer-Daniels-Midland Co.,0.132,ADM,"Chicago, Illinois",Consumer Staples,Agricultural Products & Services
"AvalonBay Communities, Inc. REIT",0.13,AVB,"Arlington, Virginia",Real Estate,Multi-Family Residential REITs
Apache Corp.,0.128,APA,"Houston, Texas",Energy,Oil & Gas Exploration & Production
"Ventas, Inc. REIT",0.127,VTR,"Chicago, Illinois",Real Estate,Health Care REITs
Weyerhaeuser Co. REIT,0.127,WY,"Seattle, Washington",Real Estate,Timber REITs
Equity Residential REIT,0.125,EQR,"Chicago, Illinois",Real Estate,Multi-Family Residential REITs
"Baxter International, Inc.",0.125,BAX,"Deerfield, Illinois",Health Care,Health Care Equipment
Edison International,0.125,EIX,"Rosemead, California",Utilities,Electric Utilities
PPL Corp.,0.124,PPL,"Allentown, Pennsylvania",Utilities,Electric Utilities
Discover Financial Services,0.124,DFS,"Riverwoods, IL",Financials,Consumer Finance
Synchrony Financial,0.124,SYF,"Stamford, Connecticut",Financials,Consumer Finance
Devon Energy Corp.,0.123,DVN,"Oklahoma City, Oklahoma",Energy,Oil & Gas Exploration & Production
"AutoZone, Inc.",0.123,AZO,"Memphis, Tennessee",Consumer Discretionary,Automotive Retail
"TE Connectivity, Ltd.",0.122,TEL,"Galway, Ireland",Information Technology,Electronic Manufacturing Services
"Consolidated Edison, Inc.",0.122,ED,"New York City, New York",Utilities,Multi-Utilities
"HCA Holdings, Inc.",0.121,HCA,"Nashville, Tennessee",Health Care,Health Care Facilities
CBS Corp. Class B,0.121,CBS,"New York, NY",Communication Services,Broadcasting
"St. Jude Medical, Inc.",0.121,STJ,"St. Paul, MN",Health Care,Health Care Equipment
"Tyson Foods, Inc. Class A",0.119,TSN,"Springdale, Arkansas",Consumer Staples,Packaged Foods & Meats
"Baker Hughes, Inc.",0.117,BKR,"Houston, Texas",Energy,Oil & Gas Equipment & Services
"Fiserv, Inc.",0.117,FI,"Milwaukee, WI",Financials,Transaction & Payment Processing Services
"SunTrust Banks, Inc.",0.117,STI,"Dallas, TX",Industrials,Electrical Equipment & Parts
"Marriott International, Inc.Class A",0.116,MAR,"Bethesda, Maryland",Consumer Discretionary,"Hotels, Resorts & Cruise Lines"
Sherwin-Williams Co.,0.116,SHW,"Cleveland, Ohio",Materials,Specialty Chemicals
"Vertex Pharmaceuticals, Inc.",0.115,VRTX,"Boston, Massachusetts",Health Care,Biotechnology
Marathon Petroleum Corp.,0.114,MPC,"Findlay, Ohio",Energy,Oil & Gas Refining & Marketing
Carnival Corp.,0.114,CCL,"Miami, Florida",Consumer Discretionary,"Hotels, Resorts & Cruise Lines"
"Public Service Enterprise Group, Inc.",0.112,PEG,"Newark, New Jersey",Utilities,Electric Utilities
"Boston Properties, Inc. REIT",0.111,BXP,"Boston, Massachusetts",Real Estate,Office REITs
"Williams Cos., Inc.",0.111,WMB,"Tulsa, Oklahoma",Energy,Oil & Gas Storage & Transportation
"Xcel Energy, Inc.",0.111,XEL,"Minneapolis, Minnesota",Utilities,Multi-Utilities
Newmont Mining Corp.,0.111,NEM,"Denver, Colorado",Materials,Gold
Monster Beverage Corp.,0.11,MNST,"Corona, California",Consumer Staples,Soft Drinks & Non-alcoholic Beverages
"ConAgra Foods, Inc.",0.109,CAG,"Chicago, Illinois",Consumer Staples,Packaged Foods & Meats
"PACCAR, Inc.",0.109,PCAR,"Bellevue, Washington",Industrials,Construction Machinery & Heavy Transportation Equipment
"Cummins, Inc.",0.108,CMI,"Columbus, Indiana",Industrials,Construction Machinery & Heavy Transportation Equipment
"Omnicom Group, Inc.",0.108,OMC,"New York City, New York",Communication Services,Advertising
Molson Coors Brewing Co.Class B,0.107,TAP,"Chicago, Illinois",Consumer Staples,Brewers
Amphenol Corp. Class A,0.106,APH,"Wallingford, Connecticut",Information Technology,Electronic Components
"Analog Devices, Inc.",0.106,ADI,"Wilmington, Massachusetts",Information Technology,Semiconductors
International Paper Co.,0.105,IP,"Memphis, Tennessee",Materials,Paper & Plastic Packaging Products & Materials
"Estee Lauder Cos., Inc.Class A",0.105,EL,"New York City, New York",Consumer Staples,Personal Care Products
Delphi Automotive PLC,0.105,DLPH,"Dublin, Ireland",Consumer Discretionary,Auto Parts & Equipment
Kellogg Co.,0.104,K,"Chicago, IL",Consumer Defensive,Packaged Foods
"American Airlines Group, Inc.",0.103,AAL,"Fort Worth, TX",Industrials,Airlines
"Concho Resources, Inc.",0.102,CXO,"Midland, TX",Energy,Oil & Gas Exploration & Production
"WEC Energy Group, Inc.",0.101,WEC,"Milwaukee, Wisconsin",Utilities,Electric Utilities
VF Corp.,0.1,VFC,"Denver, CO",Consumer Cyclical,Apparel Manufacturing
"Dollar Tree, Inc.",0.099,DLTR,"Chesapeake, Virginia",Consumer Staples,Consumer Staples Merchandise Retail
"Stanley Black & Decker, Inc.",0.099,SWK,"New Britain, Connecticut",Industrials,Industrial Machinery & Supplies & Components
Cerner Corp.,0.099,CERN,"North Kansas City, MO",Health Care,Health Care Technology
"Paychex, Inc.",0.098,PAYX,"Penfield, New York",Industrials,Human Resource & Employment Services
M&T Bank Corp.,0.098,MTB,"Buffalo, New York",Financials,Regional Banks
"Roper Technologies, Inc.",0.098,ROP,"Sarasota, Florida",Information Technology,Electronic Equipment & Instruments
Willis Towers Watson PLC,0.098,WTW,"London, United Kingdom",Financials,Insurance Brokers
"Micron Technology, Inc.",0.098,MU,"Boise, Idaho",Information Technology,Semiconductors
Progressive Corp.,0.098,PGR,"Mayfield Village, Ohio",Financials,Property & Casualty Insurance
Moody’s Corp.,0.097,MCO,"New York City, New York",Financials,Financial Exchanges & Data
Dollar General Corp.,0.097,DG,"Goodlettsville, Tennessee",Consumer Staples,Consumer Staples Merchandise Retail
Nielsen Holdings PLC,0.096,NLSN,"New York, NY",Industrials,Research & Consulting Services
Vornado Realty Trust REIT,0.095,VNO,"New York, NY",Real Estate,REIT - Office
"L Brands, Inc.",0.095,LB,"Houston, TX",Energy,Oil & Gas Equipment & Services
"HCP, Inc. REIT",0.094,PEAK,"Irvine, CA",Real Estate,Health Care REITs
Ingersoll-Rand PLC,0.093,IR,"Davidson, North Carolina",Industrials,Industrial Machinery & Supplies & Components
Realty Income Corp. REIT,0.092,O,"San Diego, California",Real Estate,Retail REITs
Eversource Energy,0.091,ES,"Hartford, Connecticut",Utilities,Electric Utilities
"Dr. Pepper Snapple Group, Inc.",0.09,DPS,"Plano, TX",Consumer Staples,Soft Drinks
Mylan NV,0.09,MYL,"Canonsburg, PA",Health Care,Pharmaceuticals
"Hartford Financial Services Group, Inc.",0.09,HIG,"Hartford, Connecticut",Financials,Property & Casualty Insurance
Parker-Hannifin Corp.,0.09,PH,"Cleveland, Ohio",Industrials,Industrial Machinery & Supplies & Components
DTE Energy Co.,0.089,DTE,"Detroit, Michigan",Utilities,Multi-Utilities
"Ameriprise Financial, Inc.",0.088,AMP,"Minneapolis, Minnesota",Financials,Asset Management & Custody Banks
"T Rowe Price Group, Inc.",0.088,TROW,"Baltimore, Maryland",Financials,Asset Management & Custody Banks
"C.R. Bard, Inc.",0.088,BCR,"Murray Hill, NJ",Health Care,Health Care Equipment
Western Digital Corp.,0.088,WDC,"San Jose, California",Information Technology,"Technology Hardware, Storage & Peripherals"
J.M. Smucker Co.,0.086,SJM,"Orrville, Ohio",Consumer Staples,Packaged Foods & Meats
Clorox Co.,0.086,CLX,"Oakland, California",Consumer Staples,Household Products
"Equifax, Inc.",0.085,EFX,"Atlanta, Georgia",Industrials,Research & Consulting Services
"General Growth Properties, Inc. REIT",0.085,GGP,"Chicago, IL",Real Estate,Retail REITs
"Rockwell Automation, Inc.",0.085,ROK,"Milwaukee, Wisconsin",Industrials,Electrical Components & Equipment
Fifth Third Bancorp,0.084,FITB,"Cincinnati, Ohio",Financials,Regional Banks
Nucor Corp.,0.083,NUE,"Charlotte, North Carolina",Materials,Steel
"United Continental Holdings, Inc.",0.083,UAL,"Chicago, Illinois",Industrials,Passenger Airlines
"TransDigm Group, Inc.",0.082,TDG,"Cleveland, Ohio",Industrials,Aerospace & Defense
Symantec Corp.,0.082,SYMC,"Tempe, AZ",Information Technology,Systems Software
"Agilent Technologies, Inc.",0.082,A,"Santa Clara, California",Health Care,Life Sciences Tools & Services
"Noble Energy, Inc.",0.081,NBL,"Houston, TX",Energy,Oil & Gas Exploration & Production
Fortive Corp.,0.081,FTV,"Everett, Washington",Industrials,Industrial Machinery & Supplies & Components
Lam Research Corp.,0.08,LRCX,"Fremont, California",Information Technology,Semiconductor Materials & Equipment
Vulcan Materials Co.,0.08,VMC,"Birmingham, Alabama",Materials,Construction Materials
Genuine Parts Co.,0.08,GPC,"Atlanta, Georgia",Consumer Discretionary,Distributors
"CenturyLink, Inc.",0.08,CTL,"Monroe, LA",Communication Services,Integrated Telecommunication Services
"Ulta Salon Cosmetics &Fragrance, Inc.",0.079,ULTA,"Bolingbrook, Illinois",Consumer Discretionary,Other Specialty Retail
AmerisourceBergen Corp.,0.079,ABC,"Conshohocken, PA",Health Care,Health Care Distributors
"Red Hat, Inc.",0.078,RHT,"Raleigh, NC",Information Technology,Systems Software
Mead Johnson Nutrition Co.,0.078,MJN,"Glenview, IL",Consumer Staples,Health Care Care Products
Northern Trust Corp.,0.077,NTRS,"Chicago, Illinois",Financials,Asset Management & Custody Banks
"Skyworks Solutions, Inc.",0.077,SWKS,"Irvine, California",Information Technology,Semiconductors
"Essex Property Trust, Inc. REIT",0.077,ESS,"San Mateo, California",Real Estate,Multi-Family Residential REITs
"Freeport-McMoRan, Inc.",0.077,FCX,"Phoenix, Arizona",Materials,Copper
"Autodesk, Inc.",0.076,ADSK,"San Francisco, California",Information Technology,Application Software
"Digital Realty Trust, Inc. REIT",0.076,DLR,"Austin, Texas",Real Estate,Data Center REITs
Ball Corp.,0.076,BALL,"Broomfield, Colorado",Materials,"Metal, Glass & Plastic Containers"
Linear Technology Corp.,0.075,LLTC,"Milpitas, CA",Information Technology,Semiconductors
Hess Corp.,0.075,HES,"New York, NY",Energy,Oil & Gas Exploration & Production
Laboratory Corp. of America Holdings,0.075,LH,"Burlington, North Carolina",Health Care,Health Care Services
FirstEnergy Corp.,0.075,FE,"Akron, Ohio",Utilities,Electric Utilities
"DENTSPLY SIRONA, Inc.",0.074,XRAY,"Charlotte, NC",Healthcare,Medical Instruments & Supplies
"Principal Financial Group, Inc.",0.074,PFG,"Des Moines, Iowa",Financials,Life & Health Insurance
"Xilinx, Inc.",0.073,XLNX,"San Jose, CA",Information Technology,Semiconductors
"Expedia, Inc.",0.073,EXPE,"Seattle, Washington",Consumer Discretionary,"Hotels, Resorts & Cruise Lines"
"National Oilwell Varco, Inc.",0.073,NOV,"Houston, TX",Energy,Oil & Gas Equipment & Services
Entergy Corp.,0.072,ETR,"New Orleans, Louisiana",Utilities,Electric Utilities
Hershey Co.,0.072,HSY,"Hershey, Pennsylvania",Consumer Staples,Packaged Foods & Meats
"Level 3 Communications, Inc.",0.072,LVLT,"Broomfield, CO",Communication Services,Alternative Carriers
Marathon Oil Corp.,0.071,MRO,"Houston, TX",Energy,Oil & Gas Exploration & Production
"Henry Schein, Inc.",0.071,HSIC,"Melville, New York",Health Care,Health Care Distributors
"Microchip Technology, Inc.",0.071,MCHP,"Chandler, Arizona",Information Technology,Semiconductors
"Alcoa, Inc.",0.071,AA,"Pittsburgh, PA",Basic Materials,Aluminum
"American Water Works Co., Inc.",0.07,AWK,"Camden, New Jersey",Utilities,Water Utilities
Perrigo Co. PLC,0.07,PRGO,"Dublin, Ireland",Healthcare,Drug Manufacturers - Specialty & Generic
"Citrix Systems, Inc.",0.07,CTXS,"Fort Lauderdale, FL",Information Technology,Application Software
"Franklin Resources, Inc.",0.07,BEN,"San Mateo, California",Financials,Asset Management & Custody Banks
KeyCorp,0.07,KEY,"Cleveland, Ohio",Financials,Regional Banks
"Viacom, Inc. Class B",0.07,VIAB,"New York, NY",Communication Services,Movies & Entertainment
"Citizens Financial Group, Inc.",0.069,CFG,"Providence, Rhode Island",Financials,Regional Banks
"Invesco, Ltd.",0.069,IVZ,"Atlanta, Georgia",Financials,Asset Management & Custody Banks
Waters Corp.,0.068,WAT,"Milford, Massachusetts",Health Care,Life Sciences Tools & Services
"W.W. Grainger, Inc.",0.068,GWW,"Lake Forest, Illinois",Industrials,Industrial Machinery & Supplies & Components
"Mohawk Industries, Inc.",0.068,MHK,"Calhoun, GA",Consumer Cyclical,"Furnishings, Fixtures & Appliances"
Cimarex Energy Co.,0.067,XEC,"Denver, CO",Energy,Oil & Gas Exploration & Production
Alliance Data Systems Corp.,0.067,ADS,"Columbus, OH",Information Technology,Data Processing & Outsourced Services
Regions Financial Corp.,0.067,RF,"Birmingham, Alabama",Financials,Regional Banks
"Royal Caribbean Cruises, Ltd.",0.067,RCL,"Miami, Florida",Consumer Discretionary,"Hotels, Resorts & Cruise Lines"
EQT Corp.,0.067,EQT,"Pittsburgh, Pennsylvania",Energy,Oil & Gas Exploration & Production
"Verisk Analytics, Inc.",0.067,VRSK,"Jersey City, New Jersey",Industrials,Research & Consulting Services
Whirlpool Corp.,0.066,WHR,"Benton Harbor, MI",Consumer Cyclical,"Furnishings, Fixtures & Appliances"
"Chipotle Mexican Grill, Inc.",0.066,CMG,"Newport Beach, California",Consumer Discretionary,Restaurants
"Church & Dwight Co., Inc.",0.066,CHD,"Ewing, New Jersey",Consumer Staples,Household Products
WestRock Co.,0.065,WRK,"Atlanta, GA",Materials,Paper Packaging
Kimco Realty Corp. REIT,0.065,KIM,"Jericho, New York",Real Estate,Retail REITs
Fastenal Co.,0.064,FAST,"Winona, Minnesota",Industrials,Trading Companies & Distributors
"Motorola Solutions, Inc.",0.064,MSI,"Chicago, Illinois",Information Technology,Communications Equipment
Cabot Oil & Gas Corp.,0.064,COG,"Houston, TX",Energy,Oil & Gas Exploration & Production
"Quest Diagnostics, Inc.",0.064,DGX,"Secaucus, New Jersey",Health Care,Health Care Services
"Republic Services, Inc.",0.064,RSG,"Phoenix, Arizona",Industrials,Environmental & Facilities Services
Ameren Corp.,0.063,AEE,"St. Louis, Missouri",Utilities,Multi-Utilities
"Global Payments, Inc.",0.063,GPN,"Atlanta, Georgia",Financials,Transaction & Payment Processing Services
CMS Energy Corp.,0.062,CMS,"Jackson, Michigan",Utilities,Multi-Utilities
"Host Hotels & Resorts, Inc. REIT",0.062,HST,"Bethesda, Maryland",Real Estate,Hotel & Resort REITs
Pentair PLC,0.062,PNR,"Worsley, United Kingdom",Industrials,Industrial Machinery & Supplies & Components
"L-3 Communications Holdings, Inc.",0.062,LLL,"New York, NY",Industrials,Aerospace & Defense
"Acuity Brands, Inc.",0.061,AYI,"Atlanta, GA",Industrials,Electrical Equipment & Parts
"McCormick & Co., Inc.",0.061,MKC,"Hunt Valley, Maryland",Consumer Staples,Packaged Foods & Meats
"Martin Marietta Materials, Inc.",0.061,MLM,"Raleigh, North Carolina",Materials,Construction Materials
"Macy’s, Inc.",0.061,M,"New York, NY",Consumer Cyclical,Department Stores
Harris Corp.,0.061,HRS,"Melbourne, FL",Industrials,Aerospace & Defense
Centene Corp.,0.061,CNC,"St. Louis, Missouri",Health Care,Managed Health Care
Masco Corp.,0.061,MAS,"Livonia, Michigan",Industrials,Building Products
Dover Corp.,0.06,DOV,"Downers Grove, Illinois",Industrials,Industrial Machinery & Supplies & Components
Seagate Technology PLC,0.06,STX,"Dublin, Ireland",Information Technology,"Technology Hardware, Storage & Peripherals"
"International Flavors & Fragrances, Inc.",0.06,IFF,"New York City, New York",Materials,Specialty Chemicals
Lincoln National Corp.,0.06,LNC,"Radnor, PA",Financial Services,Insurance - Life
"AMETEK, Inc.",0.059,AME,"Berwyn, Pennsylvania",Industrials,Electrical Components & Equipment
Cincinnati Financial Corp.,0.059,CINF,"Fairfield, Ohio",Financials,Property & Casualty Insurance
"Mettler-Toledo International, Inc.",0.059,MTD,"Columbus, Ohio",Health Care,Life Sciences Tools & Services
"Universal Health Services, Inc.Class B",0.059,UHS,"King of Prussia, Pennsylvania",Health Care,Health Care Facilities
"Rockwell Collins, Inc.",0.058,COL,"Cedar Rapids, IA",Industrials,Aerospace & Defense
Loews Corp.,0.058,L,"New York City, New York",Financials,Multi-line Insurance
Federal Realty Investment Trust REIT,0.058,FRT,"Rockville, Maryland",Real Estate,Retail REITs
"Advance Auto Parts, Inc.",0.058,AAP,"Raleigh, NC",Consumer Cyclical,Auto Parts
"DaVita, Inc.",0.058,DVA,"Denver, Colorado",Health Care,Health Care Services
LKQ Corp.,0.058,LKQ,"Antioch, TN",Consumer Cyclical,Auto Parts
KLA-Tencor Corp.,0.058,KLAC,"Milpitas, California",Information Technology,Semiconductor Materials & Equipment
SL Green Realty Corp. REIT,0.057,SLG,"New York, NY",Real Estate,REIT - Office
"ONEOK, Inc.",0.057,OKE,"Tulsa, Oklahoma",Energy,Oil & Gas Storage & Transportation
"Textron, Inc.",0.057,TXT,"Providence, Rhode Island",Industrials,Aerospace & Defense
"Huntington Bancshares, Inc.",0.057,HBAN,"Columbus, Ohio; Detroit, Michigan",Financials,Regional Banks
"Best Buy Co., Inc.",0.057,BBY,"Richfield, Minnesota",Consumer Discretionary,Computer & Electronics Retail
"Twenty-First Century Fox, Inc. Class B",0.057,FOXA,"New York City, New York",Communication Services,Broadcasting
"CarMax, Inc.",0.055,KMX,"Richmond, VA",Consumer Cyclical,Auto & Truck Dealerships
Western Union Co.,0.055,WU,"Denver, CO",Financial Services,Credit Services
SCANA Corp.,0.055,SCG,"Cayce, SC",Utilities,Multi-Utilities
"NetApp, Inc.",0.055,NTAP,"San Jose, California",Information Technology,"Technology Hardware, Storage & Peripherals"
"Mattel, Inc.",0.054,MAT,"El Segundo, CA",Consumer Cyclical,Leisure
Macerich Co. REIT,0.054,MAC,"Santa Monica, CA",Real Estate,REIT - Retail
"Coach, Inc.",0.054,TPR,"New York City, New York",Consumer Discretionary,"Apparel, Accessories & Luxury Goods"
Hormel Foods Corp.,0.054,HRL,"Austin, Minnesota",Consumer Staples,Packaged Foods & Meats
Kansas City Southern,0.054,KSU,"Kansas City, MO",Industrials,Railroads
Eastman Chemical Co.,0.054,EMN,"Kingsport, TN",Basic Materials,Specialty Chemicals
"C.H. Robinson Worldwide, Inc.",0.053,CHRW,"Eden Prairie, Minnesota",Industrials,Air Freight & Logistics
"CenterPoint Energy, Inc.",0.053,CNP,"Houston, Texas",Utilities,Multi-Utilities
"D.R. Horton, Inc.",0.053,DHI,"Arlington, Texas",Consumer Discretionary,Homebuilding
"Extra Space Storage, Inc. REIT",0.053,EXR,"Salt Lake City, Utah",Real Estate,Self-Storage REITs
Campbell Soup Co.,0.052,CPB,"Camden, New Jersey",Consumer Staples,Packaged Foods & Meats
"CA, Inc.",0.052,CA,"Islandia, NY",Information Technology,Systems Software
Cintas Corp.,0.052,CTAS,"Mason, Ohio",Industrials,Diversified Support Services
"Harley-Davidson, Inc.",0.051,HOG,"Milwaukee, WI",Consumer Cyclical,Recreational Vehicles
Xerox Corp.,0.051,XRX,"Norwalk, CT",Industrials,Business Equipment & Supplies
"XL Group, Ltd.",0.051,XL,"Stamford, CT",Financials,Property & Casualty Insurance
"UDR, Inc. REIT",0.051,UDR,"Highlands Ranch, Colorado",Real Estate,Multi-Family Residential REITs
"Hologic, Inc.",0.051,HOLX,"Marlborough, Massachusetts",Health Care,Health Care Equipment
Albemarle Corp.,0.051,ALB,"Charlotte, North Carolina",Materials,Specialty Chemicals
Tesoro Corp.,0.051,TSO,"San Antonio, TX",Energy,Oil & Gas Refining & Marketing
"Hanesbrands, Inc.",0.051,HBI,"Winston-Salem, NC",Consumer Discretionary,"Apparel, Accessories & Luxury Goods"
Brown-Forman Corp. Class B,0.05,BF.B,"Louisville, Kentucky",Consumer Staples,Distillers & Vintners
"Varian Medical Systems, Inc.",0.05,VAR,"Palo Alto, CA",Health Care,Health Care Equipment
"Expeditors International of Washington, Inc.",0.05,EXPD,"Seattle, Washington",Industrials,Air Freight & Logistics
"Xylem, Inc.",0.049,XYL,"White Plains, New York",Industrials,Industrial Machinery & Supplies & Components
"Akamai Technologies, Inc.",0.049,AKAM,"Cambridge, Massachusetts",Information Technology,Internet Services & Infrastructure
"Foot Locker, Inc.",0.049,FL,"New York, NY",Consumer Discretionary,Apparel Retail
"Whole Foods Market, Inc.",0.049,WFM,"Austin, TX",Consumer Staples,Food Retail
Sealed Air Corp.,0.048,SEE,"Charlotte, NC",Consumer Cyclical,Packaging & Containers
PVH Corp.,0.048,PVH,"New York, NY",Consumer Cyclical,Apparel Manufacturing
"Iron Mountain, Inc. REIT",0.048,IRM,"Portsmouth, New Hampshire",Real Estate,Other Specialized REITs
Arthur J Gallagher & Co.,0.048,AJG,"Rolling Meadows, Illinois",Financials,Insurance Brokers
Tractor Supply Co.,0.048,TSCO,"Brentwood, Tennessee",Consumer Discretionary,Other Specialty Retail
"Interpublic Group of Cos., Inc.",0.048,IPG,"New York, NY",Communication Services,Advertising
"Hasbro, Inc.",0.047,HAS,"Pawtucket, Rhode Island",Consumer Discretionary,Leisure Products
"Fortune Brands Home & Security, Inc.",0.047,FBHS,"Deerfield, IL",Industrials,Building Products
"Snap-on, Inc.",0.047,SNA,"Kenosha, Wisconsin",Industrials,Industrial Machinery & Supplies & Components
"Cooper Cos., Inc.",0.047,CTB,"Findlay, OH",Consumer Discretionary,Tires & Rubber
Alliant Energy Corp.,0.046,LNT,"Madison, Wisconsin",Utilities,Electric Utilities
Mosaic Co.,0.046,MOS,"Tampa, Florida",Materials,Fertilizers & Agricultural Chemicals
Newfield Exploration Co.,0.046,NFX,"The Woodlands, TX",Energy,Oil & Gas Exploration & Production
Goodyear Tire & Rubber Co.,0.046,GT,"Akron, OH",Consumer Cyclical,Auto Parts
"F5 Networks, Inc.",0.045,FFIV,"Seattle, Washington",Information Technology,Communications Equipment
"Juniper Networks, Inc.",0.045,JNPR,"Sunnyvale, CA",Information Technology,Communications Equipment
AES Corp.,0.045,AES,"Arlington, Virginia",Utilities,Independent Power Producers & Energy Traders
Pinnacle West Capital Corp.,0.045,PNW,"Phoenix, Arizona",Utilities,Multi-Utilities
Unum Group,0.045,UNM,"Chattanooga, TN",Financial Services,Insurance - Life
"Michael Kors Holdings, Ltd.",0.044,CPRI,"London, United Kingdom",Consumer Cyclical,Luxury Goods
"Comerica, Inc.",0.044,CMA,"Dallas, TX",Financial Services,Banks - Regional
Kohl’s Corp.,0.044,KSS,"Menomonee Falls, WI",Consumer Cyclical,Department Stores
ETRADE Financial Corp.,0.043,ETFC,"New York, NY",Financials,Investment Banking & Brokerage
"Alaska Air Group, Inc.",0.043,ALK,"Seattle, WA",Industrials,Airlines
"CBRE Group, Inc. Class AREIT",0.043,CBRE,"Dallas, Texas",Real Estate,Real Estate Services
Tiffany & Co.,0.043,TIF,"New York, NY",Consumer Discretionary,"Apparel, Accessories & Luxury Goods"
"Total System Services, Inc.",0.042,TSS,"Columbus, GA",Information Technology,Data Processing & Outsourced Services
"Wynn Resorts, Ltd.",0.042,WYNN,"Paradise, Nevada",Consumer Discretionary,Casinos & Gaming
"Affiliated Managers Group, Inc.",0.041,AMG,"West Palm Beach, FL",Financial Services,Asset Management
Lennar Corp. Class A,0.041,LEN,"Miami, Florida",Consumer Discretionary,Homebuilding
Mallinckrodt PLC,0.041,MNK,"Staines-upon-Thames, UK",Health Care,Pharmaceuticals
"Nasdaq, Inc.",0.041,NDAQ,"New York City, New York",Financials,Financial Exchanges & Data
"NiSource, Inc.",0.041,NI,"Merrillville, Indiana",Utilities,Multi-Utilities
"BorgWarner, Inc.",0.041,BWA,"Auburn Hills, MI",Consumer Cyclical,Auto Parts
Wyndham Worldwide Corp.,0.04,WYN,"Parsippany, NJ",Consumer Discretionary,"Hotels, Resorts & Cruise Lines"
"VeriSign, Inc.",0.04,VRSN,"Reston, Virginia",Information Technology,Internet Services & Infrastructure
"Helmerich & Payne, Inc.",0.039,HP,"Tulsa, OK",Energy,Oil & Gas Drilling
"JB Hunt Transport Services, Inc.",0.038,JBHT,"Lowell, Arkansas",Industrials,Cargo Ground Transportation
"TripAdvisor, Inc.",0.038,TRIP,"Needham, MA",Consumer Cyclical,Travel Services
Apartment Investment & Management Co. Class A REIT,0.038,AIV,"Denver, CO",Real Estate,REIT - Residential
Torchmark Corp.,0.038,TMK,"McKinney, TX",Financials,Life & Health Insurance
"Qorvo, Inc.",0.038,QRVO,"Greensboro, NC",Technology,Semiconductors
Fluor Corp.,0.038,FLR,"Irving, TX",Industrials,Engineering & Construction
"United Rentals, Inc.",0.038,URI,"Stamford, Connecticut",Industrials,Trading Companies & Distributors
"Darden Restaurants, Inc.",0.038,DRI,"Orlando, Florida",Consumer Discretionary,Restaurants
"Under Armour, Inc. Class A",0.037,UA,"Baltimore, MD",Consumer Cyclical,Apparel Manufacturing
Avery Dennison Corp.,0.037,AVY,"Mentor, Ohio",Materials,Paper & Plastic Packaging Products & Materials
"Stericycle, Inc.",0.036,SRCL,"Bannockburn, IL",Industrials,Environmental & Facilities Services
"FMC Technologies, Inc.",0.036,FMC,"Philadelphia, PA",Basic Materials,Agricultural Inputs
"Bed Bath & Beyond, Inc.",0.035,BBBY,"Union, NJ",Consumer Discretionary,Specialty Stores
"Nordstrom, Inc.",0.035,JWN,"Seattle, WA",Consumer Discretionary,Department Stores
Allegion PLC,0.035,ALLE,"Dublin, Ireland",Industrials,Building Products
Range Resources Corp.,0.035,RRC,"Fort Worth, TX",Energy,Oil & Gas E&P
FMC Corp.,0.034,FMC,"Philadelphia, PA",Basic Materials,Agricultural Inputs
Southwestern Energy Co.,0.034,SWN,"Spring, TX",Energy,Oil & Gas Exploration & Production
Leucadia National Corp.,0.034,LUK,"New York, NY",Financials,Multi-Sector Holdings
"PulteGroup, Inc.",0.034,PHM,"Atlanta, Georgia",Consumer Discretionary,Homebuilding
Zions Bancorp,0.034,ZION,"Salt Lake City, UT",Financial Services,Banks - Regional
"Jacobs Engineering Group, Inc.",0.034,J,"Dallas, Texas",Industrials,Construction & Engineering
Flowserve Corp.,0.033,FLS,"Irving, TX",Industrials,Specialty Industrial Machinery
"Discovery Communications, Inc.Class C",0.033,DISCA,"Silver Spring, MD",Communication Services,Broadcasting
"Under Armour, Inc. Class C",0.033,UA,"Baltimore, MD",Consumer Cyclical,Apparel Manufacturing
"Leggett & Platt, Inc.",0.033,LEG,"Carthage, MO",Consumer Cyclical,"Furnishings, Fixtures & Appliances"
"PerkinElmer, Inc.",0.032,RVTY,"Waltham, Massachusetts",Health Care,Health Care Equipment
"Scripps Networks Interactive, Inc. Class A",0.032,SNI,"Knoxville, TN",Communication Services,Broadcasting
"Harman International Industries, Inc.",0.032,HAR,"Stamford, CT",Consumer Discretionary,Audio Electronics
"Signet Jewelers, Ltd.",0.031,SIG,"Hamilton, Bermuda",Consumer Cyclical,Luxury Goods
Ralph Lauren Corp.,0.031,RL,"New York City, New York",Consumer Discretionary,"Apparel, Accessories & Luxury Goods"
"Assurant, Inc.",0.03,AIZ,"Atlanta, Georgia",Financials,Multi-line Insurance
"CF Industries Holdings, Inc.",0.03,CF,"Deerfield, Illinois",Materials,Fertilizers & Agricultural Chemicals
"Garmin, Ltd.",0.03,GRMN,"Schaffhausen, Switzerland",Consumer Discretionary,Consumer Electronics
"Staples, Inc.",0.029,SPLS,"Framingham, MA",Consumer Discretionary,Specialty Stores
News Corp. Class A,0.028,NWSA,"New York City, New York",Communication Services,Publishing
"H&R Block, Inc.",0.028,HRB,"Kansas City, MO",Consumer Cyclical,Personal Services
"Gap, Inc.",0.027,GAP,"San Francisco, CA",Consumer Cyclical,Apparel Retail
"Robert Half International, Inc.",0.026,RHI,"Menlo Park, CA",Industrials,Staffing & Employment Services
Navient Corp.,0.026,NAVI,"Herndon, VA",Financial Services,Credit Services
Murphy Oil Corp.,0.026,MUR,"Houston, TX",Energy,Oil & Gas E&P
"People’s United Financial, Inc.",0.026,PBCT,"Bridgeport, CT",Financials,Regional Banks
Dun & Bradstreet Corp.,0.026,DNB,"Short Hills, NJ",Industrials,Research & Consulting Services
Frontier Communications Corp.,0.026,FYBR,"Dallas, TX",Communication Services,Telecom Services
"TEGNA, Inc.",0.025,TGNA,"Tysons, VA",Communication Services,Broadcasting
"FLIR Systems, Inc.",0.023,FLIR,"Wilsonville, OR",Information Technology,Electronic Equipment & Instruments
"Quanta Services, Inc.",0.022,PWR,"Houston, Texas",Industrials,Construction & Engineering
Teradata Corp.,0.022,TDC,"San Diego, CA",Technology,Software - Infrastructure
Endo International PLC,0.022,ENDP,"Dublin, Ireland",Health Care,Pharmaceuticals
"Discovery Communications, Inc.Class A",0.021,DISCA,"Silver Spring, MD",Communication Services,Broadcasting
"Patterson Cos., Inc.",0.02,PDCO,"St. Paul, MN",Health Care,Health Care Care Products
Chesapeake Energy Corp.,0.02,CHKAQ,"Oklahoma City, OK",Energy,Oil & Gas Exploration & Production
"CSRA, Inc.",0.019,CSRA,"Falls Church, VA",Information Technology,IT Consulting & Other Services
"Transocean, Ltd.",0.019,RIG,"Steinhausen, Switzerland",Energy,Oil & Gas Drilling
"AutoNation, Inc.",0.019,AN,"Fort Lauderdale, FL",Consumer Cyclical,Auto & Truck Dealerships
"Legg Mason, Inc.",0.019,LM,"Baltimore, MD",Financials,Asset Management & Custody Banks
"Ryder System, Inc.",0.019,R,"Coral Gables, FL",Industrials,Rental & Leasing Services
"NRG Energy, Inc.",0.019,NRG,"Houston, Texas",Utilities,Independent Power Producers & Energy Traders
"Pitney Bowes, Inc.",0.018,PBI,"Stamford, CT",Industrials,Integrated Freight & Logistics
"First Solar, Inc.",0.016,FSLR,"Tempe, Arizona",Information Technology,Semiconductors
"Urban Outfitters, Inc.",0.016,URBN,"Philadelphia, PA",Consumer Cyclical,Apparel Retail
"Owens-Illinois, Inc.",0.016,OI,"Perrysburg, OH",Consumer Cyclical,Packaging & Containers
"Coty, Inc. Class A",0.009,COTY,"New York, NY",Consumer Defensive,Household & Personal Products
News Corp. Class B,0.008,NWSA,"New York City, New York",Communication Services,Publishing
"Dell Technologies, Inc. — VMware, Inc. Class V",0.0,DVMT,"Round Rock, TX",Information Technology,"Technology Hardware, Storage & Peripherals"
